{"cameraMode":{"drawMode":0,"name":"Shaded","section":"Shading Mode"},"sceneLighting":false,"audioPlay":false,"sceneViewState":{"m_AlwaysRefresh":false,"showFog":true,"showSkybox":true,"showFlares":true,"showImageEffects":true,"showParticleSystems":true,"showVisualEffectGraphs":true,"m_FxEnabled":true},"in2DMode":false,"pivot":{"x":12.29800796508789,"y":-12.817898750305176,"z":14.507513046264649},"rotation":{"x":-0.2884867489337921,"y":-0.30646225810050967,"z":0.09803778678178787,"w":-0.9018117189407349},"size":13.781523704528809,"orthographic":false}